<?xml version="1.0" encoding="UTF-8"?>
<project-private xmlns="http://www.netbeans.org/ns/project-private/1">
    <editor-bookmarks xmlns="http://www.netbeans.org/ns/editor-bookmarks/2" lastBookmarkId="0"/>
    <open-files xmlns="http://www.netbeans.org/ns/projectui-open-files/2">
        <group>
            <file>file:/G:/New%20folder/WarehouseProject/web/Order/vieworders.jsp</file>
            <file>file:/G:/New%20folder/WarehouseProject/web/Dispatch/dispatchsuccess.jsp</file>
            <file>file:/G:/New%20folder/WarehouseProject/web/Manager/home.jsp</file>
            <file>file:/G:/New%20folder/WarehouseProject/src/java/com/Entity/Dispatch.java</file>
            <file>file:/G:/New%20folder/WarehouseProject/web/Dispatch/dispatches.jsp</file>
            <file>file:/G:/New%20folder/WarehouseProject/web/Suppliers/addsupplier.jsp</file>
            <file>file:/G:/New%20folder/WarehouseProject/src/java/com/DAO/StklocationDAO.java</file>
            <file>file:/G:/New%20folder/WarehouseProject/web/Category/addcategory.jsp</file>
            <file>file:/G:/New%20folder/WarehouseProject/src/java/com/Entity/Products.java</file>
            <file>file:/G:/New%20folder/WarehouseProject/web/Order/orders.jsp</file>
            <file>file:/G:/New%20folder/WarehouseProject/web/Order/addorder.jsp</file>
            <file>file:/G:/New%20folder/WarehouseProject/web/Super_Admin/alladmins.jsp</file>
            <file>file:/G:/New%20folder/WarehouseProject/web/Product/editproducts.jsp</file>
            <file>file:/G:/New%20folder/WarehouseProject/src/java/com/order/servlet/ViewOrderServlet.java</file>
            <file>file:/G:/New%20folder/WarehouseProject/src/java/com/DAO/CategoryDAOImpl.java</file>
            <file>file:/G:/New%20folder/WarehouseProject/src/java/com/DAO/userDAOImpl.java</file>
            <file>file:/G:/New%20folder/WarehouseProject/src/java/com/stklocation/servlet/StklocationAdd.java</file>
            <file>file:/G:/New%20folder/WarehouseProject/src/java/com/user/servlet/LogoutServlet.java</file>
            <file>file:/G:/New%20folder/WarehouseProject/src/java/com/Entity/User.java</file>
            <file>file:/G:/New%20folder/WarehouseProject/src/java/com/Entity/Category.java</file>
            <file>file:/G:/New%20folder/WarehouseProject/web/stocklocation/editlocation.jsp</file>
            <file>file:/G:/New%20folder/WarehouseProject/web/Suppliers/viewsupplier.jsp</file>
            <file>file:/G:/New%20folder/WarehouseProject/web/Order/vieworders_act.jsp</file>
            <file>file:/G:/New%20folder/WarehouseProject/web/login.jsp</file>
            <file>file:/G:/New%20folder/WarehouseProject/web/Category/viewcategory.jsp</file>
            <file>file:/G:/New%20folder/WarehouseProject/web/Super_Admin/editusers.jsp</file>
            <file>file:/G:/New%20folder/WarehouseProject/src/java/com/user/servlet/LoginServlet.java</file>
            <file>file:/G:/New%20folder/WarehouseProject/web/Product/viewproducts.jsp</file>
            <file>file:/G:/New%20folder/WarehouseProject/web/Super_Admin/addUsers.jsp</file>
            <file>file:/G:/New%20folder/WarehouseProject/src/java/com/DAO/OrderItemDAOImpl.java</file>
            <file>file:/G:/New%20folder/WarehouseProject/web/Product/product.jsp</file>
            <file>file:/G:/New%20folder/WarehouseProject/src/java/com/user/servlet/UserRegisterServlet.java</file>
            <file>file:/G:/New%20folder/WarehouseProject/web/Dispatch/dispatch.jsp</file>
            <file>file:/G:/New%20folder/WarehouseProject/web/Super_Admin/home.jsp</file>
            <file>file:/G:/New%20folder/WarehouseProject/src/java/com/user/servlet/editUsers.java</file>
            <file>file:/G:/New%20folder/WarehouseProject/src/java/com/DAO/ProductDAOImpl.java</file>
            <file>file:/G:/New%20folder/WarehouseProject/web/Dispatch/sendproducts.jsp</file>
            <file>file:/G:/New%20folder/WarehouseProject/web/Suppliers/editsupplier.jsp</file>
            <file>file:/G:/New%20folder/WarehouseProject/web/Sending/home.jsp</file>
            <file>file:/G:/New%20folder/WarehouseProject/web/dashboard.jsp</file>
            <file>file:/G:/New%20folder/WarehouseProject/src/java/com/Entity/stcklocation.java</file>
            <file>file:/G:/New%20folder/WarehouseProject/src/java/com/stklocation/servlet/EditStckLocationServlet.java</file>
            <file>file:/G:/New%20folder/WarehouseProject/web/Order/createorder.jsp</file>
            <file>file:/G:/New%20folder/WarehouseProject/src/java/com/dispatch/servlet/SendProductServlet.java</file>
            <file>file:/G:/New%20folder/WarehouseProject/web/components/navbar.jsp</file>
            <file>file:/G:/New%20folder/WarehouseProject/src/java/com/dispatch/servlet/ViewDispatchesServlet.java</file>
            <file>file:/G:/New%20folder/WarehouseProject/web/stocklocation/addlocation.jsp</file>
            <file>file:/G:/New%20folder/WarehouseProject/src/java/com/category/servlet/CategoryAdd.java</file>
            <file>file:/G:/New%20folder/WarehouseProject/web/Dispatch/dispatcherror.jsp</file>
            <file>file:/G:/New%20folder/WarehouseProject/web/Dispatch/dispatches_act.jsp</file>
            <file>file:/G:/New%20folder/WarehouseProject/web/Suppliers/suppliers.jsp</file>
            <file>file:/G:/New%20folder/WarehouseProject/web/Product/addproducts.jsp</file>
            <file>file:/G:/New%20folder/WarehouseProject/web/Category/editcategory.jsp</file>
            <file>file:/G:/New%20folder/WarehouseProject/web/Receiving/home.jsp</file>
            <file>file:/G:/New%20folder/WarehouseProject/src/java/com/category/servlet/EditCategoryServlet.java</file>
            <file>file:/G:/New%20folder/WarehouseProject/web/Dispatch/selectcategory.jsp</file>
            <file>file:/G:/New%20folder/WarehouseProject/src/java/com/product/servlet/productAdd.java</file>
            <file>file:/G:/New%20folder/WarehouseProject/src/java/com/dispatch/servlet/DispatchOrderServlet.java</file>
            <file>file:/G:/New%20folder/WarehouseProject/web/Category/category.jsp</file>
            <file>file:/G:/New%20folder/WarehouseProject/web/stocklocation/viewlocation.jsp</file>
            <file>file:/G:/New%20folder/WarehouseProject/web/unauthorized.jsp</file>
            <file>file:/G:/New%20folder/WarehouseProject/src/java/com/DB/DBConnect.java</file>
            <file>file:/G:/New%20folder/WarehouseProject/src/java/com/DAO/ProductDAO.java</file>
            <file>file:/G:/New%20folder/WarehouseProject/web/stocklocation/location.jsp</file>
        </group>
    </open-files>
</project-private>
